run_id,timestamp,machine_name,machine_model,git_branch,git_sha,git_state,worktree_fingerprint,metric,terminal_host,workspace_scope,sample_count,avg_ms,min_ms,max_ms,samples_ms
2026-05-01T17:33:56Z-336955a34e3d-dirty-cf08f5ba04dc-yogesh-mac-2024,2026-05-01T17:33:56Z,yogesh-mac-2024,"Mac16,7",alerts-command-palette,336955a34e3da1f4174e4b7c70f63e1eb91203b0,dirty,cf08f5ba04dcf1f317b6e13cbe082fd2f974f39beae5619801c2ef285ceffe6f,browser_tracked_tab.keyboard_cycle_previous.terminal_tracked_tab,ghostty,primary,1,134.0,134,134,134
2026-05-01T17:33:56Z-336955a34e3d-dirty-cf08f5ba04dc-yogesh-mac-2024,2026-05-01T17:33:56Z,yogesh-mac-2024,"Mac16,7",alerts-command-palette,336955a34e3da1f4174e4b7c70f63e1eb91203b0,dirty,cf08f5ba04dcf1f317b6e13cbe082fd2f974f39beae5619801c2ef285ceffe6f,browser_tracked_tab.keyboard_cycle_previous.terminal_tracked_tab,ghostty,secondary,1,134.0,134,134,134
2026-05-01T17:33:56Z-336955a34e3d-dirty-cf08f5ba04dc-yogesh-mac-2024,2026-05-01T17:33:56Z,yogesh-mac-2024,"Mac16,7",alerts-command-palette,336955a34e3da1f4174e4b7c70f63e1eb91203b0,dirty,cf08f5ba04dcf1f317b6e13cbe082fd2f974f39beae5619801c2ef285ceffe6f,browser_tracked_tab.keyboard_cycle_previous.terminal_tracked_tab,ghostty,single,1,128.0,128,128,128
2026-05-01T17:33:56Z-336955a34e3d-dirty-cf08f5ba04dc-yogesh-mac-2024,2026-05-01T17:33:56Z,yogesh-mac-2024,"Mac16,7",alerts-command-palette,336955a34e3da1f4174e4b7c70f63e1eb91203b0,dirty,cf08f5ba04dcf1f317b6e13cbe082fd2f974f39beae5619801c2ef285ceffe6f,browser_tracked_tab.keyboard_cycle_previous.terminal_tracked_tab,iterm2,primary,1,249.0,249,249,249
2026-05-01T17:33:56Z-336955a34e3d-dirty-cf08f5ba04dc-yogesh-mac-2024,2026-05-01T17:33:56Z,yogesh-mac-2024,"Mac16,7",alerts-command-palette,336955a34e3da1f4174e4b7c70f63e1eb91203b0,dirty,cf08f5ba04dcf1f317b6e13cbe082fd2f974f39beae5619801c2ef285ceffe6f,browser_tracked_tab.keyboard_cycle_previous.terminal_tracked_tab,iterm2,secondary,1,249.0,249,249,249
2026-05-01T17:33:56Z-336955a34e3d-dirty-cf08f5ba04dc-yogesh-mac-2024,2026-05-01T17:33:56Z,yogesh-mac-2024,"Mac16,7",alerts-command-palette,336955a34e3da1f4174e4b7c70f63e1eb91203b0,dirty,cf08f5ba04dcf1f317b6e13cbe082fd2f974f39beae5619801c2ef285ceffe6f,browser_tracked_tab.keyboard_cycle_previous.terminal_tracked_tab,iterm2,single,1,137.0,137,137,137
2026-05-01T17:33:56Z-336955a34e3d-dirty-cf08f5ba04dc-yogesh-mac-2024,2026-05-01T17:33:56Z,yogesh-mac-2024,"Mac16,7",alerts-command-palette,336955a34e3da1f4174e4b7c70f63e1eb91203b0,dirty,cf08f5ba04dcf1f317b6e13cbe082fd2f974f39beae5619801c2ef285ceffe6f,browser_untracked_tab.cli_window_focus.browser_tracked_tab,ghostty,single,1,148.0,148,148,148
2026-05-01T17:33:56Z-336955a34e3d-dirty-cf08f5ba04dc-yogesh-mac-2024,2026-05-01T17:33:56Z,yogesh-mac-2024,"Mac16,7",alerts-command-palette,336955a34e3da1f4174e4b7c70f63e1eb91203b0,dirty,cf08f5ba04dcf1f317b6e13cbe082fd2f974f39beae5619801c2ef285ceffe6f,browser_untracked_tab.cli_window_focus.browser_tracked_tab,iterm2,single,1,237.0,237,237,237
2026-05-01T17:33:56Z-336955a34e3d-dirty-cf08f5ba04dc-yogesh-mac-2024,2026-05-01T17:33:56Z,yogesh-mac-2024,"Mac16,7",alerts-command-palette,336955a34e3da1f4174e4b7c70f63e1eb91203b0,dirty,cf08f5ba04dcf1f317b6e13cbe082fd2f974f39beae5619801c2ef285ceffe6f,external_app.keyboard_toggle_main_window.main_window,ghostty,single,5,132.2,117,155,"131,121,137,117,155"
2026-05-01T17:33:56Z-336955a34e3d-dirty-cf08f5ba04dc-yogesh-mac-2024,2026-05-01T17:33:56Z,yogesh-mac-2024,"Mac16,7",alerts-command-palette,336955a34e3da1f4174e4b7c70f63e1eb91203b0,dirty,cf08f5ba04dcf1f317b6e13cbe082fd2f974f39beae5619801c2ef285ceffe6f,external_app.keyboard_toggle_main_window.main_window,iterm2,single,5,134.6,116,152,"116,127,148,130,152"
2026-05-01T17:33:56Z-336955a34e3d-dirty-cf08f5ba04dc-yogesh-mac-2024,2026-05-01T17:33:56Z,yogesh-mac-2024,"Mac16,7",alerts-command-palette,336955a34e3da1f4174e4b7c70f63e1eb91203b0,dirty,cf08f5ba04dcf1f317b6e13cbe082fd2f974f39beae5619801c2ef285ceffe6f,main_window.keyboard_toggle_main_window.external_app,ghostty,single,5,0.0,0,0,"0,0,0,0,0"
2026-05-01T17:33:56Z-336955a34e3d-dirty-cf08f5ba04dc-yogesh-mac-2024,2026-05-01T17:33:56Z,yogesh-mac-2024,"Mac16,7",alerts-command-palette,336955a34e3da1f4174e4b7c70f63e1eb91203b0,dirty,cf08f5ba04dcf1f317b6e13cbe082fd2f974f39beae5619801c2ef285ceffe6f,main_window.keyboard_toggle_main_window.external_app,iterm2,single,5,0.0,0,0,"0,0,0,0,0"
2026-05-01T17:33:56Z-336955a34e3d-dirty-cf08f5ba04dc-yogesh-mac-2024,2026-05-01T17:33:56Z,yogesh-mac-2024,"Mac16,7",alerts-command-palette,336955a34e3da1f4174e4b7c70f63e1eb91203b0,dirty,cf08f5ba04dcf1f317b6e13cbe082fd2f974f39beae5619801c2ef285ceffe6f,spaces_detail_ui.keyboard_window_shortcut.browser_tracked_tab,ghostty,single,1,132.0,132,132,132
2026-05-01T17:33:56Z-336955a34e3d-dirty-cf08f5ba04dc-yogesh-mac-2024,2026-05-01T17:33:56Z,yogesh-mac-2024,"Mac16,7",alerts-command-palette,336955a34e3da1f4174e4b7c70f63e1eb91203b0,dirty,cf08f5ba04dcf1f317b6e13cbe082fd2f974f39beae5619801c2ef285ceffe6f,spaces_detail_ui.keyboard_window_shortcut.browser_tracked_tab,iterm2,single,1,133.0,133,133,133
2026-05-01T17:33:56Z-336955a34e3d-dirty-cf08f5ba04dc-yogesh-mac-2024,2026-05-01T17:33:56Z,yogesh-mac-2024,"Mac16,7",alerts-command-palette,336955a34e3da1f4174e4b7c70f63e1eb91203b0,dirty,cf08f5ba04dcf1f317b6e13cbe082fd2f974f39beae5619801c2ef285ceffe6f,spaces_detail_ui.keyboard_window_shortcut.process_tracked_tab,ghostty,single,1,166.0,166,166,166
2026-05-01T17:33:56Z-336955a34e3d-dirty-cf08f5ba04dc-yogesh-mac-2024,2026-05-01T17:33:56Z,yogesh-mac-2024,"Mac16,7",alerts-command-palette,336955a34e3da1f4174e4b7c70f63e1eb91203b0,dirty,cf08f5ba04dcf1f317b6e13cbe082fd2f974f39beae5619801c2ef285ceffe6f,spaces_detail_ui.keyboard_window_shortcut.process_tracked_tab,iterm2,single,1,169.0,169,169,169
2026-05-01T17:33:56Z-336955a34e3d-dirty-cf08f5ba04dc-yogesh-mac-2024,2026-05-01T17:33:56Z,yogesh-mac-2024,"Mac16,7",alerts-command-palette,336955a34e3da1f4174e4b7c70f63e1eb91203b0,dirty,cf08f5ba04dcf1f317b6e13cbe082fd2f974f39beae5619801c2ef285ceffe6f,terminal_tracked_tab.keyboard_cycle_next.browser_tracked_tab,ghostty,primary,1,137.0,137,137,137
2026-05-01T17:33:56Z-336955a34e3d-dirty-cf08f5ba04dc-yogesh-mac-2024,2026-05-01T17:33:56Z,yogesh-mac-2024,"Mac16,7",alerts-command-palette,336955a34e3da1f4174e4b7c70f63e1eb91203b0,dirty,cf08f5ba04dcf1f317b6e13cbe082fd2f974f39beae5619801c2ef285ceffe6f,terminal_tracked_tab.keyboard_cycle_next.browser_tracked_tab,ghostty,secondary,1,137.0,137,137,137
2026-05-01T17:33:56Z-336955a34e3d-dirty-cf08f5ba04dc-yogesh-mac-2024,2026-05-01T17:33:56Z,yogesh-mac-2024,"Mac16,7",alerts-command-palette,336955a34e3da1f4174e4b7c70f63e1eb91203b0,dirty,cf08f5ba04dcf1f317b6e13cbe082fd2f974f39beae5619801c2ef285ceffe6f,terminal_tracked_tab.keyboard_cycle_next.browser_tracked_tab,ghostty,single,1,131.0,131,131,131
2026-05-01T17:33:56Z-336955a34e3d-dirty-cf08f5ba04dc-yogesh-mac-2024,2026-05-01T17:33:56Z,yogesh-mac-2024,"Mac16,7",alerts-command-palette,336955a34e3da1f4174e4b7c70f63e1eb91203b0,dirty,cf08f5ba04dcf1f317b6e13cbe082fd2f974f39beae5619801c2ef285ceffe6f,terminal_tracked_tab.keyboard_cycle_next.browser_tracked_tab,iterm2,primary,1,160.0,160,160,160
2026-05-01T17:33:56Z-336955a34e3d-dirty-cf08f5ba04dc-yogesh-mac-2024,2026-05-01T17:33:56Z,yogesh-mac-2024,"Mac16,7",alerts-command-palette,336955a34e3da1f4174e4b7c70f63e1eb91203b0,dirty,cf08f5ba04dcf1f317b6e13cbe082fd2f974f39beae5619801c2ef285ceffe6f,terminal_tracked_tab.keyboard_cycle_next.browser_tracked_tab,iterm2,secondary,1,160.0,160,160,160
2026-05-01T17:33:56Z-336955a34e3d-dirty-cf08f5ba04dc-yogesh-mac-2024,2026-05-01T17:33:56Z,yogesh-mac-2024,"Mac16,7",alerts-command-palette,336955a34e3da1f4174e4b7c70f63e1eb91203b0,dirty,cf08f5ba04dcf1f317b6e13cbe082fd2f974f39beae5619801c2ef285ceffe6f,terminal_tracked_tab.keyboard_cycle_next.browser_tracked_tab,iterm2,single,1,168.0,168,168,168
2026-05-01T17:33:56Z-336955a34e3d-dirty-cf08f5ba04dc-yogesh-mac-2024,2026-05-01T17:33:56Z,yogesh-mac-2024,"Mac16,7",alerts-command-palette,336955a34e3da1f4174e4b7c70f63e1eb91203b0,dirty,cf08f5ba04dcf1f317b6e13cbe082fd2f974f39beae5619801c2ef285ceffe6f,terminal_untracked_tab.cli_window_focus.process_tracked_tab,ghostty,single,1,163.0,163,163,163
2026-05-01T17:33:56Z-336955a34e3d-dirty-cf08f5ba04dc-yogesh-mac-2024,2026-05-01T17:33:56Z,yogesh-mac-2024,"Mac16,7",alerts-command-palette,336955a34e3da1f4174e4b7c70f63e1eb91203b0,dirty,cf08f5ba04dcf1f317b6e13cbe082fd2f974f39beae5619801c2ef285ceffe6f,terminal_untracked_tab.cli_window_focus.process_tracked_tab,iterm2,single,1,249.0,249,249,249
2026-05-01T18:21:04Z-efe7ae6b2b12-dirty-a59685e1974b-yogesh-mac-2024,2026-05-01T18:21:04Z,yogesh-mac-2024,"Mac16,7",alerts-command-palette,efe7ae6b2b12112c354d981ae4a4ec75ec8171e0,dirty,a59685e1974b997b5f02c049cf09e77c5b58b1b1e38a36f45efccca462e5f560,browser_tracked_tab.keyboard_cycle_previous.terminal_tracked_tab,ghostty,primary,1,143.0,143,143,143
2026-05-01T18:21:04Z-efe7ae6b2b12-dirty-a59685e1974b-yogesh-mac-2024,2026-05-01T18:21:04Z,yogesh-mac-2024,"Mac16,7",alerts-command-palette,efe7ae6b2b12112c354d981ae4a4ec75ec8171e0,dirty,a59685e1974b997b5f02c049cf09e77c5b58b1b1e38a36f45efccca462e5f560,browser_tracked_tab.keyboard_cycle_previous.terminal_tracked_tab,ghostty,secondary,1,143.0,143,143,143
2026-05-01T18:21:04Z-efe7ae6b2b12-dirty-a59685e1974b-yogesh-mac-2024,2026-05-01T18:21:04Z,yogesh-mac-2024,"Mac16,7",alerts-command-palette,efe7ae6b2b12112c354d981ae4a4ec75ec8171e0,dirty,a59685e1974b997b5f02c049cf09e77c5b58b1b1e38a36f45efccca462e5f560,browser_tracked_tab.keyboard_cycle_previous.terminal_tracked_tab,ghostty,single,1,145.0,145,145,145
2026-05-01T18:21:04Z-efe7ae6b2b12-dirty-a59685e1974b-yogesh-mac-2024,2026-05-01T18:21:04Z,yogesh-mac-2024,"Mac16,7",alerts-command-palette,efe7ae6b2b12112c354d981ae4a4ec75ec8171e0,dirty,a59685e1974b997b5f02c049cf09e77c5b58b1b1e38a36f45efccca462e5f560,browser_tracked_tab.keyboard_cycle_previous.terminal_tracked_tab,iterm2,primary,1,128.0,128,128,128
2026-05-01T18:21:04Z-efe7ae6b2b12-dirty-a59685e1974b-yogesh-mac-2024,2026-05-01T18:21:04Z,yogesh-mac-2024,"Mac16,7",alerts-command-palette,efe7ae6b2b12112c354d981ae4a4ec75ec8171e0,dirty,a59685e1974b997b5f02c049cf09e77c5b58b1b1e38a36f45efccca462e5f560,browser_tracked_tab.keyboard_cycle_previous.terminal_tracked_tab,iterm2,secondary,1,128.0,128,128,128
2026-05-01T18:21:04Z-efe7ae6b2b12-dirty-a59685e1974b-yogesh-mac-2024,2026-05-01T18:21:04Z,yogesh-mac-2024,"Mac16,7",alerts-command-palette,efe7ae6b2b12112c354d981ae4a4ec75ec8171e0,dirty,a59685e1974b997b5f02c049cf09e77c5b58b1b1e38a36f45efccca462e5f560,browser_tracked_tab.keyboard_cycle_previous.terminal_tracked_tab,iterm2,single,1,125.0,125,125,125
2026-05-01T18:21:04Z-efe7ae6b2b12-dirty-a59685e1974b-yogesh-mac-2024,2026-05-01T18:21:04Z,yogesh-mac-2024,"Mac16,7",alerts-command-palette,efe7ae6b2b12112c354d981ae4a4ec75ec8171e0,dirty,a59685e1974b997b5f02c049cf09e77c5b58b1b1e38a36f45efccca462e5f560,browser_untracked_tab.cli_window_focus.browser_tracked_tab,ghostty,single,1,215.0,215,215,215
2026-05-01T18:21:04Z-efe7ae6b2b12-dirty-a59685e1974b-yogesh-mac-2024,2026-05-01T18:21:04Z,yogesh-mac-2024,"Mac16,7",alerts-command-palette,efe7ae6b2b12112c354d981ae4a4ec75ec8171e0,dirty,a59685e1974b997b5f02c049cf09e77c5b58b1b1e38a36f45efccca462e5f560,browser_untracked_tab.cli_window_focus.browser_tracked_tab,iterm2,single,1,226.0,226,226,226
2026-05-01T18:21:04Z-efe7ae6b2b12-dirty-a59685e1974b-yogesh-mac-2024,2026-05-01T18:21:04Z,yogesh-mac-2024,"Mac16,7",alerts-command-palette,efe7ae6b2b12112c354d981ae4a4ec75ec8171e0,dirty,a59685e1974b997b5f02c049cf09e77c5b58b1b1e38a36f45efccca462e5f560,external_app.keyboard_toggle_main_window.main_window,ghostty,single,5,122.6,114,130,"130,130,124,114,115"
2026-05-01T18:21:04Z-efe7ae6b2b12-dirty-a59685e1974b-yogesh-mac-2024,2026-05-01T18:21:04Z,yogesh-mac-2024,"Mac16,7",alerts-command-palette,efe7ae6b2b12112c354d981ae4a4ec75ec8171e0,dirty,a59685e1974b997b5f02c049cf09e77c5b58b1b1e38a36f45efccca462e5f560,external_app.keyboard_toggle_main_window.main_window,iterm2,single,5,133.2,117,164,"118,133,134,117,164"
2026-05-01T18:21:04Z-efe7ae6b2b12-dirty-a59685e1974b-yogesh-mac-2024,2026-05-01T18:21:04Z,yogesh-mac-2024,"Mac16,7",alerts-command-palette,efe7ae6b2b12112c354d981ae4a4ec75ec8171e0,dirty,a59685e1974b997b5f02c049cf09e77c5b58b1b1e38a36f45efccca462e5f560,main_window.keyboard_toggle_main_window.external_app,ghostty,single,5,0.2,0,1,"0,0,0,1,0"
2026-05-01T18:21:04Z-efe7ae6b2b12-dirty-a59685e1974b-yogesh-mac-2024,2026-05-01T18:21:04Z,yogesh-mac-2024,"Mac16,7",alerts-command-palette,efe7ae6b2b12112c354d981ae4a4ec75ec8171e0,dirty,a59685e1974b997b5f02c049cf09e77c5b58b1b1e38a36f45efccca462e5f560,main_window.keyboard_toggle_main_window.external_app,iterm2,single,5,0.0,0,0,"0,0,0,0,0"
2026-05-01T18:21:04Z-efe7ae6b2b12-dirty-a59685e1974b-yogesh-mac-2024,2026-05-01T18:21:04Z,yogesh-mac-2024,"Mac16,7",alerts-command-palette,efe7ae6b2b12112c354d981ae4a4ec75ec8171e0,dirty,a59685e1974b997b5f02c049cf09e77c5b58b1b1e38a36f45efccca462e5f560,spaces_detail_ui.keyboard_window_shortcut.browser_tracked_tab,ghostty,single,1,129.0,129,129,129
2026-05-01T18:21:04Z-efe7ae6b2b12-dirty-a59685e1974b-yogesh-mac-2024,2026-05-01T18:21:04Z,yogesh-mac-2024,"Mac16,7",alerts-command-palette,efe7ae6b2b12112c354d981ae4a4ec75ec8171e0,dirty,a59685e1974b997b5f02c049cf09e77c5b58b1b1e38a36f45efccca462e5f560,spaces_detail_ui.keyboard_window_shortcut.browser_tracked_tab,iterm2,single,1,132.0,132,132,132
2026-05-01T18:21:04Z-efe7ae6b2b12-dirty-a59685e1974b-yogesh-mac-2024,2026-05-01T18:21:04Z,yogesh-mac-2024,"Mac16,7",alerts-command-palette,efe7ae6b2b12112c354d981ae4a4ec75ec8171e0,dirty,a59685e1974b997b5f02c049cf09e77c5b58b1b1e38a36f45efccca462e5f560,spaces_detail_ui.keyboard_window_shortcut.process_tracked_tab,ghostty,single,1,134.0,134,134,134
2026-05-01T18:21:04Z-efe7ae6b2b12-dirty-a59685e1974b-yogesh-mac-2024,2026-05-01T18:21:04Z,yogesh-mac-2024,"Mac16,7",alerts-command-palette,efe7ae6b2b12112c354d981ae4a4ec75ec8171e0,dirty,a59685e1974b997b5f02c049cf09e77c5b58b1b1e38a36f45efccca462e5f560,spaces_detail_ui.keyboard_window_shortcut.process_tracked_tab,iterm2,single,1,209.0,209,209,209
2026-05-01T18:21:04Z-efe7ae6b2b12-dirty-a59685e1974b-yogesh-mac-2024,2026-05-01T18:21:04Z,yogesh-mac-2024,"Mac16,7",alerts-command-palette,efe7ae6b2b12112c354d981ae4a4ec75ec8171e0,dirty,a59685e1974b997b5f02c049cf09e77c5b58b1b1e38a36f45efccca462e5f560,terminal_tracked_tab.keyboard_cycle_next.browser_tracked_tab,ghostty,primary,1,130.0,130,130,130
2026-05-01T18:21:04Z-efe7ae6b2b12-dirty-a59685e1974b-yogesh-mac-2024,2026-05-01T18:21:04Z,yogesh-mac-2024,"Mac16,7",alerts-command-palette,efe7ae6b2b12112c354d981ae4a4ec75ec8171e0,dirty,a59685e1974b997b5f02c049cf09e77c5b58b1b1e38a36f45efccca462e5f560,terminal_tracked_tab.keyboard_cycle_next.browser_tracked_tab,ghostty,secondary,1,130.0,130,130,130
2026-05-01T18:21:04Z-efe7ae6b2b12-dirty-a59685e1974b-yogesh-mac-2024,2026-05-01T18:21:04Z,yogesh-mac-2024,"Mac16,7",alerts-command-palette,efe7ae6b2b12112c354d981ae4a4ec75ec8171e0,dirty,a59685e1974b997b5f02c049cf09e77c5b58b1b1e38a36f45efccca462e5f560,terminal_tracked_tab.keyboard_cycle_next.browser_tracked_tab,ghostty,single,1,138.0,138,138,138
2026-05-01T18:21:04Z-efe7ae6b2b12-dirty-a59685e1974b-yogesh-mac-2024,2026-05-01T18:21:04Z,yogesh-mac-2024,"Mac16,7",alerts-command-palette,efe7ae6b2b12112c354d981ae4a4ec75ec8171e0,dirty,a59685e1974b997b5f02c049cf09e77c5b58b1b1e38a36f45efccca462e5f560,terminal_tracked_tab.keyboard_cycle_next.browser_tracked_tab,iterm2,primary,1,165.0,165,165,165
2026-05-01T18:21:04Z-efe7ae6b2b12-dirty-a59685e1974b-yogesh-mac-2024,2026-05-01T18:21:04Z,yogesh-mac-2024,"Mac16,7",alerts-command-palette,efe7ae6b2b12112c354d981ae4a4ec75ec8171e0,dirty,a59685e1974b997b5f02c049cf09e77c5b58b1b1e38a36f45efccca462e5f560,terminal_tracked_tab.keyboard_cycle_next.browser_tracked_tab,iterm2,secondary,1,165.0,165,165,165
2026-05-01T18:21:04Z-efe7ae6b2b12-dirty-a59685e1974b-yogesh-mac-2024,2026-05-01T18:21:04Z,yogesh-mac-2024,"Mac16,7",alerts-command-palette,efe7ae6b2b12112c354d981ae4a4ec75ec8171e0,dirty,a59685e1974b997b5f02c049cf09e77c5b58b1b1e38a36f45efccca462e5f560,terminal_tracked_tab.keyboard_cycle_next.browser_tracked_tab,iterm2,single,1,169.0,169,169,169
2026-05-01T18:21:04Z-efe7ae6b2b12-dirty-a59685e1974b-yogesh-mac-2024,2026-05-01T18:21:04Z,yogesh-mac-2024,"Mac16,7",alerts-command-palette,efe7ae6b2b12112c354d981ae4a4ec75ec8171e0,dirty,a59685e1974b997b5f02c049cf09e77c5b58b1b1e38a36f45efccca462e5f560,terminal_untracked_tab.cli_window_focus.process_tracked_tab,ghostty,single,1,136.0,136,136,136
2026-05-01T18:21:04Z-efe7ae6b2b12-dirty-a59685e1974b-yogesh-mac-2024,2026-05-01T18:21:04Z,yogesh-mac-2024,"Mac16,7",alerts-command-palette,efe7ae6b2b12112c354d981ae4a4ec75ec8171e0,dirty,a59685e1974b997b5f02c049cf09e77c5b58b1b1e38a36f45efccca462e5f560,terminal_untracked_tab.cli_window_focus.process_tracked_tab,iterm2,single,1,248.0,248,248,248
2026-05-01T18:24:20Z-efe7ae6b2b12-dirty-b24b106ffdf2-yogesh-mac-2024,2026-05-01T18:24:20Z,yogesh-mac-2024,"Mac16,7",alerts-command-palette,efe7ae6b2b12112c354d981ae4a4ec75ec8171e0,dirty,b24b106ffdf201ea35f93bbfb13c5c41ac20d94c60c3a9263de25b8ec124606a,external_app.keyboard_toggle_main_window.main_window,iterm2,single,3,133.3,117,150,"117,133,150"
2026-05-01T18:24:20Z-efe7ae6b2b12-dirty-b24b106ffdf2-yogesh-mac-2024,2026-05-01T18:24:20Z,yogesh-mac-2024,"Mac16,7",alerts-command-palette,efe7ae6b2b12112c354d981ae4a4ec75ec8171e0,dirty,b24b106ffdf201ea35f93bbfb13c5c41ac20d94c60c3a9263de25b8ec124606a,main_window.keyboard_toggle_main_window.external_app,iterm2,single,3,0.0,0,0,"0,0,0"
2026-05-01T18:43:55Z-efe7ae6b2b12-dirty-c6593eebda54-yogesh-mac-2024,2026-05-01T18:43:55Z,yogesh-mac-2024,"Mac16,7",alerts-command-palette,efe7ae6b2b12112c354d981ae4a4ec75ec8171e0,dirty,c6593eebda54e6419418eb61eee8b67a6a088f0794204a1b1a7e83759574444e,external_app.keyboard_toggle_main_window.main_window,ghostty,single,3,122.3,112,129,"112,129,126"
2026-05-01T18:43:55Z-efe7ae6b2b12-dirty-c6593eebda54-yogesh-mac-2024,2026-05-01T18:43:55Z,yogesh-mac-2024,"Mac16,7",alerts-command-palette,efe7ae6b2b12112c354d981ae4a4ec75ec8171e0,dirty,c6593eebda54e6419418eb61eee8b67a6a088f0794204a1b1a7e83759574444e,external_app.keyboard_toggle_main_window.main_window,iterm2,single,3,138.7,131,143,"142,143,131"
2026-05-01T18:43:55Z-efe7ae6b2b12-dirty-c6593eebda54-yogesh-mac-2024,2026-05-01T18:43:55Z,yogesh-mac-2024,"Mac16,7",alerts-command-palette,efe7ae6b2b12112c354d981ae4a4ec75ec8171e0,dirty,c6593eebda54e6419418eb61eee8b67a6a088f0794204a1b1a7e83759574444e,main_window.keyboard_toggle_main_window.external_app,ghostty,single,3,0.0,0,0,"0,0,0"
2026-05-01T18:43:55Z-efe7ae6b2b12-dirty-c6593eebda54-yogesh-mac-2024,2026-05-01T18:43:55Z,yogesh-mac-2024,"Mac16,7",alerts-command-palette,efe7ae6b2b12112c354d981ae4a4ec75ec8171e0,dirty,c6593eebda54e6419418eb61eee8b67a6a088f0794204a1b1a7e83759574444e,main_window.keyboard_toggle_main_window.external_app,iterm2,single,3,0.0,0,0,"0,0,0"
2026-05-01T18:45:50Z-efe7ae6b2b12-dirty-1763ffb421df-yogesh-mac-2024,2026-05-01T18:45:50Z,yogesh-mac-2024,"Mac16,7",alerts-command-palette,efe7ae6b2b12112c354d981ae4a4ec75ec8171e0,dirty,1763ffb421dfe04d9805695c2988b5d6bb5b1acb59a1ab6adc992dc5bb561c68,external_app.keyboard_toggle_main_window.main_window,ghostty,single,3,131.3,114,157,"114,157,123"
2026-05-01T18:45:50Z-efe7ae6b2b12-dirty-1763ffb421df-yogesh-mac-2024,2026-05-01T18:45:50Z,yogesh-mac-2024,"Mac16,7",alerts-command-palette,efe7ae6b2b12112c354d981ae4a4ec75ec8171e0,dirty,1763ffb421dfe04d9805695c2988b5d6bb5b1acb59a1ab6adc992dc5bb561c68,external_app.keyboard_toggle_main_window.main_window,iterm2,single,3,126.3,117,131,"131,117,131"
2026-05-01T18:45:50Z-efe7ae6b2b12-dirty-1763ffb421df-yogesh-mac-2024,2026-05-01T18:45:50Z,yogesh-mac-2024,"Mac16,7",alerts-command-palette,efe7ae6b2b12112c354d981ae4a4ec75ec8171e0,dirty,1763ffb421dfe04d9805695c2988b5d6bb5b1acb59a1ab6adc992dc5bb561c68,main_window.keyboard_toggle_main_window.external_app,ghostty,single,3,0.0,0,0,"0,0,0"
2026-05-01T18:45:50Z-efe7ae6b2b12-dirty-1763ffb421df-yogesh-mac-2024,2026-05-01T18:45:50Z,yogesh-mac-2024,"Mac16,7",alerts-command-palette,efe7ae6b2b12112c354d981ae4a4ec75ec8171e0,dirty,1763ffb421dfe04d9805695c2988b5d6bb5b1acb59a1ab6adc992dc5bb561c68,main_window.keyboard_toggle_main_window.external_app,iterm2,single,3,0.0,0,0,"0,0,0"
2026-05-01T18:47:40Z-efe7ae6b2b12-dirty-6b8b0369170a-yogesh-mac-2024,2026-05-01T18:47:40Z,yogesh-mac-2024,"Mac16,7",alerts-command-palette,efe7ae6b2b12112c354d981ae4a4ec75ec8171e0,dirty,6b8b0369170a9dc54b38b789f84645f544d55adfb0ad4403b8b5c64c71b2af7c,external_app.keyboard_toggle_main_window.main_window,iterm2,single,1,120.0,120,120,120
2026-05-01T18:47:40Z-efe7ae6b2b12-dirty-6b8b0369170a-yogesh-mac-2024,2026-05-01T18:47:40Z,yogesh-mac-2024,"Mac16,7",alerts-command-palette,efe7ae6b2b12112c354d981ae4a4ec75ec8171e0,dirty,6b8b0369170a9dc54b38b789f84645f544d55adfb0ad4403b8b5c64c71b2af7c,main_window.keyboard_toggle_main_window.external_app,iterm2,single,1,0.0,0,0,0
2026-05-01T18:54:37Z-efe7ae6b2b12-dirty-0b5edcce0f81-yogesh-mac-2024,2026-05-01T18:54:37Z,yogesh-mac-2024,"Mac16,7",alerts-command-palette,efe7ae6b2b12112c354d981ae4a4ec75ec8171e0,dirty,0b5edcce0f819440ce26b7c37f234e67dd69fc7f4a2feb7f6c944769c07bd836,browser_tracked_tab.keyboard_cycle_previous.terminal_tracked_tab,ghostty,primary,1,149.0,149,149,149
2026-05-01T18:54:37Z-efe7ae6b2b12-dirty-0b5edcce0f81-yogesh-mac-2024,2026-05-01T18:54:37Z,yogesh-mac-2024,"Mac16,7",alerts-command-palette,efe7ae6b2b12112c354d981ae4a4ec75ec8171e0,dirty,0b5edcce0f819440ce26b7c37f234e67dd69fc7f4a2feb7f6c944769c07bd836,browser_tracked_tab.keyboard_cycle_previous.terminal_tracked_tab,ghostty,secondary,1,149.0,149,149,149
2026-05-01T18:54:37Z-efe7ae6b2b12-dirty-0b5edcce0f81-yogesh-mac-2024,2026-05-01T18:54:37Z,yogesh-mac-2024,"Mac16,7",alerts-command-palette,efe7ae6b2b12112c354d981ae4a4ec75ec8171e0,dirty,0b5edcce0f819440ce26b7c37f234e67dd69fc7f4a2feb7f6c944769c07bd836,browser_tracked_tab.keyboard_cycle_previous.terminal_tracked_tab,ghostty,single,1,132.0,132,132,132
2026-05-01T18:54:37Z-efe7ae6b2b12-dirty-0b5edcce0f81-yogesh-mac-2024,2026-05-01T18:54:37Z,yogesh-mac-2024,"Mac16,7",alerts-command-palette,efe7ae6b2b12112c354d981ae4a4ec75ec8171e0,dirty,0b5edcce0f819440ce26b7c37f234e67dd69fc7f4a2feb7f6c944769c07bd836,browser_tracked_tab.keyboard_cycle_previous.terminal_tracked_tab,iterm2,primary,1,145.0,145,145,145
2026-05-01T18:54:37Z-efe7ae6b2b12-dirty-0b5edcce0f81-yogesh-mac-2024,2026-05-01T18:54:37Z,yogesh-mac-2024,"Mac16,7",alerts-command-palette,efe7ae6b2b12112c354d981ae4a4ec75ec8171e0,dirty,0b5edcce0f819440ce26b7c37f234e67dd69fc7f4a2feb7f6c944769c07bd836,browser_tracked_tab.keyboard_cycle_previous.terminal_tracked_tab,iterm2,secondary,1,145.0,145,145,145
2026-05-01T18:54:37Z-efe7ae6b2b12-dirty-0b5edcce0f81-yogesh-mac-2024,2026-05-01T18:54:37Z,yogesh-mac-2024,"Mac16,7",alerts-command-palette,efe7ae6b2b12112c354d981ae4a4ec75ec8171e0,dirty,0b5edcce0f819440ce26b7c37f234e67dd69fc7f4a2feb7f6c944769c07bd836,browser_tracked_tab.keyboard_cycle_previous.terminal_tracked_tab,iterm2,single,1,131.0,131,131,131
2026-05-01T18:54:37Z-efe7ae6b2b12-dirty-0b5edcce0f81-yogesh-mac-2024,2026-05-01T18:54:37Z,yogesh-mac-2024,"Mac16,7",alerts-command-palette,efe7ae6b2b12112c354d981ae4a4ec75ec8171e0,dirty,0b5edcce0f819440ce26b7c37f234e67dd69fc7f4a2feb7f6c944769c07bd836,browser_untracked_tab.cli_window_focus.browser_tracked_tab,ghostty,single,1,246.0,246,246,246
2026-05-01T18:54:37Z-efe7ae6b2b12-dirty-0b5edcce0f81-yogesh-mac-2024,2026-05-01T18:54:37Z,yogesh-mac-2024,"Mac16,7",alerts-command-palette,efe7ae6b2b12112c354d981ae4a4ec75ec8171e0,dirty,0b5edcce0f819440ce26b7c37f234e67dd69fc7f4a2feb7f6c944769c07bd836,browser_untracked_tab.cli_window_focus.browser_tracked_tab,iterm2,single,1,252.0,252,252,252
2026-05-01T18:54:37Z-efe7ae6b2b12-dirty-0b5edcce0f81-yogesh-mac-2024,2026-05-01T18:54:37Z,yogesh-mac-2024,"Mac16,7",alerts-command-palette,efe7ae6b2b12112c354d981ae4a4ec75ec8171e0,dirty,0b5edcce0f819440ce26b7c37f234e67dd69fc7f4a2feb7f6c944769c07bd836,external_app.keyboard_toggle_main_window.main_window,ghostty,single,5,129.0,115,134,"115,133,132,131,134"
2026-05-01T18:54:37Z-efe7ae6b2b12-dirty-0b5edcce0f81-yogesh-mac-2024,2026-05-01T18:54:37Z,yogesh-mac-2024,"Mac16,7",alerts-command-palette,efe7ae6b2b12112c354d981ae4a4ec75ec8171e0,dirty,0b5edcce0f819440ce26b7c37f234e67dd69fc7f4a2feb7f6c944769c07bd836,external_app.keyboard_toggle_main_window.main_window,iterm2,single,5,126.8,114,139,"114,139,127,119,135"
2026-05-01T18:54:37Z-efe7ae6b2b12-dirty-0b5edcce0f81-yogesh-mac-2024,2026-05-01T18:54:37Z,yogesh-mac-2024,"Mac16,7",alerts-command-palette,efe7ae6b2b12112c354d981ae4a4ec75ec8171e0,dirty,0b5edcce0f819440ce26b7c37f234e67dd69fc7f4a2feb7f6c944769c07bd836,main_window.keyboard_toggle_main_window.external_app,ghostty,single,5,0.0,0,0,"0,0,0,0,0"
2026-05-01T18:54:37Z-efe7ae6b2b12-dirty-0b5edcce0f81-yogesh-mac-2024,2026-05-01T18:54:37Z,yogesh-mac-2024,"Mac16,7",alerts-command-palette,efe7ae6b2b12112c354d981ae4a4ec75ec8171e0,dirty,0b5edcce0f819440ce26b7c37f234e67dd69fc7f4a2feb7f6c944769c07bd836,main_window.keyboard_toggle_main_window.external_app,iterm2,single,5,0.4,0,2,"0,0,0,2,0"
2026-05-01T18:54:37Z-efe7ae6b2b12-dirty-0b5edcce0f81-yogesh-mac-2024,2026-05-01T18:54:37Z,yogesh-mac-2024,"Mac16,7",alerts-command-palette,efe7ae6b2b12112c354d981ae4a4ec75ec8171e0,dirty,0b5edcce0f819440ce26b7c37f234e67dd69fc7f4a2feb7f6c944769c07bd836,spaces_detail_ui.keyboard_window_shortcut.browser_tracked_tab,ghostty,single,1,121.0,121,121,121
2026-05-01T18:54:37Z-efe7ae6b2b12-dirty-0b5edcce0f81-yogesh-mac-2024,2026-05-01T18:54:37Z,yogesh-mac-2024,"Mac16,7",alerts-command-palette,efe7ae6b2b12112c354d981ae4a4ec75ec8171e0,dirty,0b5edcce0f819440ce26b7c37f234e67dd69fc7f4a2feb7f6c944769c07bd836,spaces_detail_ui.keyboard_window_shortcut.browser_tracked_tab,iterm2,single,1,148.0,148,148,148
2026-05-01T18:54:37Z-efe7ae6b2b12-dirty-0b5edcce0f81-yogesh-mac-2024,2026-05-01T18:54:37Z,yogesh-mac-2024,"Mac16,7",alerts-command-palette,efe7ae6b2b12112c354d981ae4a4ec75ec8171e0,dirty,0b5edcce0f819440ce26b7c37f234e67dd69fc7f4a2feb7f6c944769c07bd836,spaces_detail_ui.keyboard_window_shortcut.process_tracked_tab,ghostty,single,1,143.0,143,143,143
2026-05-01T18:54:37Z-efe7ae6b2b12-dirty-0b5edcce0f81-yogesh-mac-2024,2026-05-01T18:54:37Z,yogesh-mac-2024,"Mac16,7",alerts-command-palette,efe7ae6b2b12112c354d981ae4a4ec75ec8171e0,dirty,0b5edcce0f819440ce26b7c37f234e67dd69fc7f4a2feb7f6c944769c07bd836,spaces_detail_ui.keyboard_window_shortcut.process_tracked_tab,iterm2,single,1,157.0,157,157,157
2026-05-01T18:54:37Z-efe7ae6b2b12-dirty-0b5edcce0f81-yogesh-mac-2024,2026-05-01T18:54:37Z,yogesh-mac-2024,"Mac16,7",alerts-command-palette,efe7ae6b2b12112c354d981ae4a4ec75ec8171e0,dirty,0b5edcce0f819440ce26b7c37f234e67dd69fc7f4a2feb7f6c944769c07bd836,terminal_tracked_tab.keyboard_cycle_next.browser_tracked_tab,ghostty,primary,1,144.0,144,144,144
2026-05-01T18:54:37Z-efe7ae6b2b12-dirty-0b5edcce0f81-yogesh-mac-2024,2026-05-01T18:54:37Z,yogesh-mac-2024,"Mac16,7",alerts-command-palette,efe7ae6b2b12112c354d981ae4a4ec75ec8171e0,dirty,0b5edcce0f819440ce26b7c37f234e67dd69fc7f4a2feb7f6c944769c07bd836,terminal_tracked_tab.keyboard_cycle_next.browser_tracked_tab,ghostty,secondary,1,144.0,144,144,144
2026-05-01T18:54:37Z-efe7ae6b2b12-dirty-0b5edcce0f81-yogesh-mac-2024,2026-05-01T18:54:37Z,yogesh-mac-2024,"Mac16,7",alerts-command-palette,efe7ae6b2b12112c354d981ae4a4ec75ec8171e0,dirty,0b5edcce0f819440ce26b7c37f234e67dd69fc7f4a2feb7f6c944769c07bd836,terminal_tracked_tab.keyboard_cycle_next.browser_tracked_tab,ghostty,single,1,143.0,143,143,143
2026-05-01T18:54:37Z-efe7ae6b2b12-dirty-0b5edcce0f81-yogesh-mac-2024,2026-05-01T18:54:37Z,yogesh-mac-2024,"Mac16,7",alerts-command-palette,efe7ae6b2b12112c354d981ae4a4ec75ec8171e0,dirty,0b5edcce0f819440ce26b7c37f234e67dd69fc7f4a2feb7f6c944769c07bd836,terminal_tracked_tab.keyboard_cycle_next.browser_tracked_tab,iterm2,primary,1,170.0,170,170,170
2026-05-01T18:54:37Z-efe7ae6b2b12-dirty-0b5edcce0f81-yogesh-mac-2024,2026-05-01T18:54:37Z,yogesh-mac-2024,"Mac16,7",alerts-command-palette,efe7ae6b2b12112c354d981ae4a4ec75ec8171e0,dirty,0b5edcce0f819440ce26b7c37f234e67dd69fc7f4a2feb7f6c944769c07bd836,terminal_tracked_tab.keyboard_cycle_next.browser_tracked_tab,iterm2,secondary,1,170.0,170,170,170
2026-05-01T18:54:37Z-efe7ae6b2b12-dirty-0b5edcce0f81-yogesh-mac-2024,2026-05-01T18:54:37Z,yogesh-mac-2024,"Mac16,7",alerts-command-palette,efe7ae6b2b12112c354d981ae4a4ec75ec8171e0,dirty,0b5edcce0f819440ce26b7c37f234e67dd69fc7f4a2feb7f6c944769c07bd836,terminal_tracked_tab.keyboard_cycle_next.browser_tracked_tab,iterm2,single,1,173.0,173,173,173
2026-05-01T18:54:37Z-efe7ae6b2b12-dirty-0b5edcce0f81-yogesh-mac-2024,2026-05-01T18:54:37Z,yogesh-mac-2024,"Mac16,7",alerts-command-palette,efe7ae6b2b12112c354d981ae4a4ec75ec8171e0,dirty,0b5edcce0f819440ce26b7c37f234e67dd69fc7f4a2feb7f6c944769c07bd836,terminal_untracked_tab.cli_window_focus.process_tracked_tab,ghostty,single,1,127.0,127,127,127
2026-05-01T18:54:37Z-efe7ae6b2b12-dirty-0b5edcce0f81-yogesh-mac-2024,2026-05-01T18:54:37Z,yogesh-mac-2024,"Mac16,7",alerts-command-palette,efe7ae6b2b12112c354d981ae4a4ec75ec8171e0,dirty,0b5edcce0f819440ce26b7c37f234e67dd69fc7f4a2feb7f6c944769c07bd836,terminal_untracked_tab.cli_window_focus.process_tracked_tab,iterm2,single,1,244.0,244,244,244
2026-05-01T19:15:38Z-c463029f8a46-dirty-898919e36459-yogesh-mac-2024,2026-05-01T19:15:38Z,yogesh-mac-2024,"Mac16,7",alerts-command-palette,c463029f8a468c26ecaf786e6c2609fa91c0f30b,dirty,898919e364599f3da6f6a10955115a8843be8407d9e42c98c63c2f0c4ebb8f0a,browser_tracked_tab.keyboard_cycle_previous.terminal_tracked_tab,ghostty,primary,1,150.0,150,150,150
2026-05-01T19:15:38Z-c463029f8a46-dirty-898919e36459-yogesh-mac-2024,2026-05-01T19:15:38Z,yogesh-mac-2024,"Mac16,7",alerts-command-palette,c463029f8a468c26ecaf786e6c2609fa91c0f30b,dirty,898919e364599f3da6f6a10955115a8843be8407d9e42c98c63c2f0c4ebb8f0a,browser_tracked_tab.keyboard_cycle_previous.terminal_tracked_tab,ghostty,secondary,1,150.0,150,150,150
2026-05-01T19:15:38Z-c463029f8a46-dirty-898919e36459-yogesh-mac-2024,2026-05-01T19:15:38Z,yogesh-mac-2024,"Mac16,7",alerts-command-palette,c463029f8a468c26ecaf786e6c2609fa91c0f30b,dirty,898919e364599f3da6f6a10955115a8843be8407d9e42c98c63c2f0c4ebb8f0a,browser_tracked_tab.keyboard_cycle_previous.terminal_tracked_tab,ghostty,single,1,180.0,180,180,180
2026-05-01T19:15:38Z-c463029f8a46-dirty-898919e36459-yogesh-mac-2024,2026-05-01T19:15:38Z,yogesh-mac-2024,"Mac16,7",alerts-command-palette,c463029f8a468c26ecaf786e6c2609fa91c0f30b,dirty,898919e364599f3da6f6a10955115a8843be8407d9e42c98c63c2f0c4ebb8f0a,browser_tracked_tab.keyboard_cycle_previous.terminal_tracked_tab,iterm2,primary,1,151.0,151,151,151
2026-05-01T19:15:38Z-c463029f8a46-dirty-898919e36459-yogesh-mac-2024,2026-05-01T19:15:38Z,yogesh-mac-2024,"Mac16,7",alerts-command-palette,c463029f8a468c26ecaf786e6c2609fa91c0f30b,dirty,898919e364599f3da6f6a10955115a8843be8407d9e42c98c63c2f0c4ebb8f0a,browser_tracked_tab.keyboard_cycle_previous.terminal_tracked_tab,iterm2,secondary,1,151.0,151,151,151
2026-05-01T19:15:38Z-c463029f8a46-dirty-898919e36459-yogesh-mac-2024,2026-05-01T19:15:38Z,yogesh-mac-2024,"Mac16,7",alerts-command-palette,c463029f8a468c26ecaf786e6c2609fa91c0f30b,dirty,898919e364599f3da6f6a10955115a8843be8407d9e42c98c63c2f0c4ebb8f0a,browser_tracked_tab.keyboard_cycle_previous.terminal_tracked_tab,iterm2,single,1,155.0,155,155,155
2026-05-01T19:15:38Z-c463029f8a46-dirty-898919e36459-yogesh-mac-2024,2026-05-01T19:15:38Z,yogesh-mac-2024,"Mac16,7",alerts-command-palette,c463029f8a468c26ecaf786e6c2609fa91c0f30b,dirty,898919e364599f3da6f6a10955115a8843be8407d9e42c98c63c2f0c4ebb8f0a,browser_untracked_tab.cli_window_focus.browser_tracked_tab,ghostty,single,1,254.0,254,254,254
2026-05-01T19:15:38Z-c463029f8a46-dirty-898919e36459-yogesh-mac-2024,2026-05-01T19:15:38Z,yogesh-mac-2024,"Mac16,7",alerts-command-palette,c463029f8a468c26ecaf786e6c2609fa91c0f30b,dirty,898919e364599f3da6f6a10955115a8843be8407d9e42c98c63c2f0c4ebb8f0a,browser_untracked_tab.cli_window_focus.browser_tracked_tab,iterm2,single,1,243.0,243,243,243
2026-05-01T19:15:38Z-c463029f8a46-dirty-898919e36459-yogesh-mac-2024,2026-05-01T19:15:38Z,yogesh-mac-2024,"Mac16,7",alerts-command-palette,c463029f8a468c26ecaf786e6c2609fa91c0f30b,dirty,898919e364599f3da6f6a10955115a8843be8407d9e42c98c63c2f0c4ebb8f0a,external_app.keyboard_toggle_main_window.main_window,ghostty,single,5,135.0,131,139,"131,137,139,134,134"
2026-05-01T19:15:38Z-c463029f8a46-dirty-898919e36459-yogesh-mac-2024,2026-05-01T19:15:38Z,yogesh-mac-2024,"Mac16,7",alerts-command-palette,c463029f8a468c26ecaf786e6c2609fa91c0f30b,dirty,898919e364599f3da6f6a10955115a8843be8407d9e42c98c63c2f0c4ebb8f0a,external_app.keyboard_toggle_main_window.main_window,iterm2,single,5,134.2,130,143,"143,131,132,130,135"
2026-05-01T19:15:38Z-c463029f8a46-dirty-898919e36459-yogesh-mac-2024,2026-05-01T19:15:38Z,yogesh-mac-2024,"Mac16,7",alerts-command-palette,c463029f8a468c26ecaf786e6c2609fa91c0f30b,dirty,898919e364599f3da6f6a10955115a8843be8407d9e42c98c63c2f0c4ebb8f0a,main_window.keyboard_toggle_main_window.external_app,ghostty,single,5,0.0,0,0,"0,0,0,0,0"
2026-05-01T19:15:38Z-c463029f8a46-dirty-898919e36459-yogesh-mac-2024,2026-05-01T19:15:38Z,yogesh-mac-2024,"Mac16,7",alerts-command-palette,c463029f8a468c26ecaf786e6c2609fa91c0f30b,dirty,898919e364599f3da6f6a10955115a8843be8407d9e42c98c63c2f0c4ebb8f0a,main_window.keyboard_toggle_main_window.external_app,iterm2,single,5,0.2,0,1,"0,0,1,0,0"
2026-05-01T19:15:38Z-c463029f8a46-dirty-898919e36459-yogesh-mac-2024,2026-05-01T19:15:38Z,yogesh-mac-2024,"Mac16,7",alerts-command-palette,c463029f8a468c26ecaf786e6c2609fa91c0f30b,dirty,898919e364599f3da6f6a10955115a8843be8407d9e42c98c63c2f0c4ebb8f0a,spaces_detail_ui.keyboard_window_shortcut.browser_tracked_tab,ghostty,single,1,160.0,160,160,160
2026-05-01T19:15:38Z-c463029f8a46-dirty-898919e36459-yogesh-mac-2024,2026-05-01T19:15:38Z,yogesh-mac-2024,"Mac16,7",alerts-command-palette,c463029f8a468c26ecaf786e6c2609fa91c0f30b,dirty,898919e364599f3da6f6a10955115a8843be8407d9e42c98c63c2f0c4ebb8f0a,spaces_detail_ui.keyboard_window_shortcut.browser_tracked_tab,iterm2,single,1,142.0,142,142,142
2026-05-01T19:15:38Z-c463029f8a46-dirty-898919e36459-yogesh-mac-2024,2026-05-01T19:15:38Z,yogesh-mac-2024,"Mac16,7",alerts-command-palette,c463029f8a468c26ecaf786e6c2609fa91c0f30b,dirty,898919e364599f3da6f6a10955115a8843be8407d9e42c98c63c2f0c4ebb8f0a,spaces_detail_ui.keyboard_window_shortcut.process_tracked_tab,ghostty,single,1,139.0,139,139,139
2026-05-01T19:15:38Z-c463029f8a46-dirty-898919e36459-yogesh-mac-2024,2026-05-01T19:15:38Z,yogesh-mac-2024,"Mac16,7",alerts-command-palette,c463029f8a468c26ecaf786e6c2609fa91c0f30b,dirty,898919e364599f3da6f6a10955115a8843be8407d9e42c98c63c2f0c4ebb8f0a,spaces_detail_ui.keyboard_window_shortcut.process_tracked_tab,iterm2,single,1,152.0,152,152,152
2026-05-01T19:15:38Z-c463029f8a46-dirty-898919e36459-yogesh-mac-2024,2026-05-01T19:15:38Z,yogesh-mac-2024,"Mac16,7",alerts-command-palette,c463029f8a468c26ecaf786e6c2609fa91c0f30b,dirty,898919e364599f3da6f6a10955115a8843be8407d9e42c98c63c2f0c4ebb8f0a,terminal_tracked_tab.keyboard_cycle_next.browser_tracked_tab,ghostty,primary,1,137.0,137,137,137
2026-05-01T19:15:38Z-c463029f8a46-dirty-898919e36459-yogesh-mac-2024,2026-05-01T19:15:38Z,yogesh-mac-2024,"Mac16,7",alerts-command-palette,c463029f8a468c26ecaf786e6c2609fa91c0f30b,dirty,898919e364599f3da6f6a10955115a8843be8407d9e42c98c63c2f0c4ebb8f0a,terminal_tracked_tab.keyboard_cycle_next.browser_tracked_tab,ghostty,secondary,1,137.0,137,137,137
2026-05-01T19:15:38Z-c463029f8a46-dirty-898919e36459-yogesh-mac-2024,2026-05-01T19:15:38Z,yogesh-mac-2024,"Mac16,7",alerts-command-palette,c463029f8a468c26ecaf786e6c2609fa91c0f30b,dirty,898919e364599f3da6f6a10955115a8843be8407d9e42c98c63c2f0c4ebb8f0a,terminal_tracked_tab.keyboard_cycle_next.browser_tracked_tab,ghostty,single,1,139.0,139,139,139
2026-05-01T19:15:38Z-c463029f8a46-dirty-898919e36459-yogesh-mac-2024,2026-05-01T19:15:38Z,yogesh-mac-2024,"Mac16,7",alerts-command-palette,c463029f8a468c26ecaf786e6c2609fa91c0f30b,dirty,898919e364599f3da6f6a10955115a8843be8407d9e42c98c63c2f0c4ebb8f0a,terminal_tracked_tab.keyboard_cycle_next.browser_tracked_tab,iterm2,primary,1,175.0,175,175,175
2026-05-01T19:15:38Z-c463029f8a46-dirty-898919e36459-yogesh-mac-2024,2026-05-01T19:15:38Z,yogesh-mac-2024,"Mac16,7",alerts-command-palette,c463029f8a468c26ecaf786e6c2609fa91c0f30b,dirty,898919e364599f3da6f6a10955115a8843be8407d9e42c98c63c2f0c4ebb8f0a,terminal_tracked_tab.keyboard_cycle_next.browser_tracked_tab,iterm2,secondary,1,175.0,175,175,175
2026-05-01T19:15:38Z-c463029f8a46-dirty-898919e36459-yogesh-mac-2024,2026-05-01T19:15:38Z,yogesh-mac-2024,"Mac16,7",alerts-command-palette,c463029f8a468c26ecaf786e6c2609fa91c0f30b,dirty,898919e364599f3da6f6a10955115a8843be8407d9e42c98c63c2f0c4ebb8f0a,terminal_tracked_tab.keyboard_cycle_next.browser_tracked_tab,iterm2,single,1,164.0,164,164,164
2026-05-01T19:15:38Z-c463029f8a46-dirty-898919e36459-yogesh-mac-2024,2026-05-01T19:15:38Z,yogesh-mac-2024,"Mac16,7",alerts-command-palette,c463029f8a468c26ecaf786e6c2609fa91c0f30b,dirty,898919e364599f3da6f6a10955115a8843be8407d9e42c98c63c2f0c4ebb8f0a,terminal_untracked_tab.cli_window_focus.process_tracked_tab,ghostty,single,1,130.0,130,130,130
2026-05-01T19:15:38Z-c463029f8a46-dirty-898919e36459-yogesh-mac-2024,2026-05-01T19:15:38Z,yogesh-mac-2024,"Mac16,7",alerts-command-palette,c463029f8a468c26ecaf786e6c2609fa91c0f30b,dirty,898919e364599f3da6f6a10955115a8843be8407d9e42c98c63c2f0c4ebb8f0a,terminal_untracked_tab.cli_window_focus.process_tracked_tab,iterm2,single,1,264.0,264,264,264
2026-05-01T21:54:58Z-29a56c1ddb50-dirty-26f2eceae6e3-yogesh-mac-2024,2026-05-01T21:54:58Z,yogesh-mac-2024,"Mac16,7",alerts-command-palette,29a56c1ddb509938149057585e6e7a4e620da6b6,dirty,26f2eceae6e3c24a05fabf10c761d245c398f146524d29d65f8aa4bd2e4277e4,browser_tracked_tab.keyboard_cycle_previous.terminal_tracked_tab,ghostty,primary,1,125.0,125,125,125
2026-05-01T21:54:58Z-29a56c1ddb50-dirty-26f2eceae6e3-yogesh-mac-2024,2026-05-01T21:54:58Z,yogesh-mac-2024,"Mac16,7",alerts-command-palette,29a56c1ddb509938149057585e6e7a4e620da6b6,dirty,26f2eceae6e3c24a05fabf10c761d245c398f146524d29d65f8aa4bd2e4277e4,browser_tracked_tab.keyboard_cycle_previous.terminal_tracked_tab,ghostty,secondary,1,125.0,125,125,125
2026-05-01T21:54:58Z-29a56c1ddb50-dirty-26f2eceae6e3-yogesh-mac-2024,2026-05-01T21:54:58Z,yogesh-mac-2024,"Mac16,7",alerts-command-palette,29a56c1ddb509938149057585e6e7a4e620da6b6,dirty,26f2eceae6e3c24a05fabf10c761d245c398f146524d29d65f8aa4bd2e4277e4,browser_tracked_tab.keyboard_cycle_previous.terminal_tracked_tab,ghostty,single,1,149.0,149,149,149
2026-05-01T21:54:58Z-29a56c1ddb50-dirty-26f2eceae6e3-yogesh-mac-2024,2026-05-01T21:54:58Z,yogesh-mac-2024,"Mac16,7",alerts-command-palette,29a56c1ddb509938149057585e6e7a4e620da6b6,dirty,26f2eceae6e3c24a05fabf10c761d245c398f146524d29d65f8aa4bd2e4277e4,browser_tracked_tab.keyboard_cycle_previous.terminal_tracked_tab,iterm2,primary,1,126.0,126,126,126
2026-05-01T21:54:58Z-29a56c1ddb50-dirty-26f2eceae6e3-yogesh-mac-2024,2026-05-01T21:54:58Z,yogesh-mac-2024,"Mac16,7",alerts-command-palette,29a56c1ddb509938149057585e6e7a4e620da6b6,dirty,26f2eceae6e3c24a05fabf10c761d245c398f146524d29d65f8aa4bd2e4277e4,browser_tracked_tab.keyboard_cycle_previous.terminal_tracked_tab,iterm2,secondary,1,126.0,126,126,126
2026-05-01T21:54:58Z-29a56c1ddb50-dirty-26f2eceae6e3-yogesh-mac-2024,2026-05-01T21:54:58Z,yogesh-mac-2024,"Mac16,7",alerts-command-palette,29a56c1ddb509938149057585e6e7a4e620da6b6,dirty,26f2eceae6e3c24a05fabf10c761d245c398f146524d29d65f8aa4bd2e4277e4,browser_tracked_tab.keyboard_cycle_previous.terminal_tracked_tab,iterm2,single,1,131.0,131,131,131
2026-05-01T21:54:58Z-29a56c1ddb50-dirty-26f2eceae6e3-yogesh-mac-2024,2026-05-01T21:54:58Z,yogesh-mac-2024,"Mac16,7",alerts-command-palette,29a56c1ddb509938149057585e6e7a4e620da6b6,dirty,26f2eceae6e3c24a05fabf10c761d245c398f146524d29d65f8aa4bd2e4277e4,browser_untracked_tab.cli_window_focus.browser_tracked_tab,ghostty,single,1,139.0,139,139,139
2026-05-01T21:54:58Z-29a56c1ddb50-dirty-26f2eceae6e3-yogesh-mac-2024,2026-05-01T21:54:58Z,yogesh-mac-2024,"Mac16,7",alerts-command-palette,29a56c1ddb509938149057585e6e7a4e620da6b6,dirty,26f2eceae6e3c24a05fabf10c761d245c398f146524d29d65f8aa4bd2e4277e4,browser_untracked_tab.cli_window_focus.browser_tracked_tab,iterm2,single,1,220.0,220,220,220
2026-05-01T21:54:58Z-29a56c1ddb50-dirty-26f2eceae6e3-yogesh-mac-2024,2026-05-01T21:54:58Z,yogesh-mac-2024,"Mac16,7",alerts-command-palette,29a56c1ddb509938149057585e6e7a4e620da6b6,dirty,26f2eceae6e3c24a05fabf10c761d245c398f146524d29d65f8aa4bd2e4277e4,external_app.keyboard_toggle_main_window.main_window,ghostty,single,5,129.2,120,135,"120,132,127,135,132"
2026-05-01T21:54:58Z-29a56c1ddb50-dirty-26f2eceae6e3-yogesh-mac-2024,2026-05-01T21:54:58Z,yogesh-mac-2024,"Mac16,7",alerts-command-palette,29a56c1ddb509938149057585e6e7a4e620da6b6,dirty,26f2eceae6e3c24a05fabf10c761d245c398f146524d29d65f8aa4bd2e4277e4,external_app.keyboard_toggle_main_window.main_window,iterm2,single,5,131.4,119,147,"127,147,130,119,134"
2026-05-01T21:54:58Z-29a56c1ddb50-dirty-26f2eceae6e3-yogesh-mac-2024,2026-05-01T21:54:58Z,yogesh-mac-2024,"Mac16,7",alerts-command-palette,29a56c1ddb509938149057585e6e7a4e620da6b6,dirty,26f2eceae6e3c24a05fabf10c761d245c398f146524d29d65f8aa4bd2e4277e4,main_window.keyboard_toggle_main_window.external_app,ghostty,single,5,0.0,0,0,"0,0,0,0,0"
2026-05-01T21:54:58Z-29a56c1ddb50-dirty-26f2eceae6e3-yogesh-mac-2024,2026-05-01T21:54:58Z,yogesh-mac-2024,"Mac16,7",alerts-command-palette,29a56c1ddb509938149057585e6e7a4e620da6b6,dirty,26f2eceae6e3c24a05fabf10c761d245c398f146524d29d65f8aa4bd2e4277e4,main_window.keyboard_toggle_main_window.external_app,iterm2,single,5,0.0,0,0,"0,0,0,0,0"
2026-05-01T21:54:58Z-29a56c1ddb50-dirty-26f2eceae6e3-yogesh-mac-2024,2026-05-01T21:54:58Z,yogesh-mac-2024,"Mac16,7",alerts-command-palette,29a56c1ddb509938149057585e6e7a4e620da6b6,dirty,26f2eceae6e3c24a05fabf10c761d245c398f146524d29d65f8aa4bd2e4277e4,spaces_detail_ui.keyboard_window_shortcut.browser_tracked_tab,ghostty,single,1,127.0,127,127,127
2026-05-01T21:54:58Z-29a56c1ddb50-dirty-26f2eceae6e3-yogesh-mac-2024,2026-05-01T21:54:58Z,yogesh-mac-2024,"Mac16,7",alerts-command-palette,29a56c1ddb509938149057585e6e7a4e620da6b6,dirty,26f2eceae6e3c24a05fabf10c761d245c398f146524d29d65f8aa4bd2e4277e4,spaces_detail_ui.keyboard_window_shortcut.browser_tracked_tab,iterm2,single,1,125.0,125,125,125
2026-05-01T21:54:58Z-29a56c1ddb50-dirty-26f2eceae6e3-yogesh-mac-2024,2026-05-01T21:54:58Z,yogesh-mac-2024,"Mac16,7",alerts-command-palette,29a56c1ddb509938149057585e6e7a4e620da6b6,dirty,26f2eceae6e3c24a05fabf10c761d245c398f146524d29d65f8aa4bd2e4277e4,spaces_detail_ui.keyboard_window_shortcut.process_tracked_tab,ghostty,single,1,164.0,164,164,164
2026-05-01T21:54:58Z-29a56c1ddb50-dirty-26f2eceae6e3-yogesh-mac-2024,2026-05-01T21:54:58Z,yogesh-mac-2024,"Mac16,7",alerts-command-palette,29a56c1ddb509938149057585e6e7a4e620da6b6,dirty,26f2eceae6e3c24a05fabf10c761d245c398f146524d29d65f8aa4bd2e4277e4,spaces_detail_ui.keyboard_window_shortcut.process_tracked_tab,iterm2,single,1,152.0,152,152,152
2026-05-01T21:54:58Z-29a56c1ddb50-dirty-26f2eceae6e3-yogesh-mac-2024,2026-05-01T21:54:58Z,yogesh-mac-2024,"Mac16,7",alerts-command-palette,29a56c1ddb509938149057585e6e7a4e620da6b6,dirty,26f2eceae6e3c24a05fabf10c761d245c398f146524d29d65f8aa4bd2e4277e4,terminal_tracked_tab.keyboard_cycle_next.browser_tracked_tab,ghostty,primary,1,147.0,147,147,147
2026-05-01T21:54:58Z-29a56c1ddb50-dirty-26f2eceae6e3-yogesh-mac-2024,2026-05-01T21:54:58Z,yogesh-mac-2024,"Mac16,7",alerts-command-palette,29a56c1ddb509938149057585e6e7a4e620da6b6,dirty,26f2eceae6e3c24a05fabf10c761d245c398f146524d29d65f8aa4bd2e4277e4,terminal_tracked_tab.keyboard_cycle_next.browser_tracked_tab,ghostty,secondary,1,147.0,147,147,147
2026-05-01T21:54:58Z-29a56c1ddb50-dirty-26f2eceae6e3-yogesh-mac-2024,2026-05-01T21:54:58Z,yogesh-mac-2024,"Mac16,7",alerts-command-palette,29a56c1ddb509938149057585e6e7a4e620da6b6,dirty,26f2eceae6e3c24a05fabf10c761d245c398f146524d29d65f8aa4bd2e4277e4,terminal_tracked_tab.keyboard_cycle_next.browser_tracked_tab,ghostty,single,1,145.0,145,145,145
2026-05-01T21:54:58Z-29a56c1ddb50-dirty-26f2eceae6e3-yogesh-mac-2024,2026-05-01T21:54:58Z,yogesh-mac-2024,"Mac16,7",alerts-command-palette,29a56c1ddb509938149057585e6e7a4e620da6b6,dirty,26f2eceae6e3c24a05fabf10c761d245c398f146524d29d65f8aa4bd2e4277e4,terminal_tracked_tab.keyboard_cycle_next.browser_tracked_tab,iterm2,primary,1,172.0,172,172,172
2026-05-01T21:54:58Z-29a56c1ddb50-dirty-26f2eceae6e3-yogesh-mac-2024,2026-05-01T21:54:58Z,yogesh-mac-2024,"Mac16,7",alerts-command-palette,29a56c1ddb509938149057585e6e7a4e620da6b6,dirty,26f2eceae6e3c24a05fabf10c761d245c398f146524d29d65f8aa4bd2e4277e4,terminal_tracked_tab.keyboard_cycle_next.browser_tracked_tab,iterm2,secondary,1,172.0,172,172,172
2026-05-01T21:54:58Z-29a56c1ddb50-dirty-26f2eceae6e3-yogesh-mac-2024,2026-05-01T21:54:58Z,yogesh-mac-2024,"Mac16,7",alerts-command-palette,29a56c1ddb509938149057585e6e7a4e620da6b6,dirty,26f2eceae6e3c24a05fabf10c761d245c398f146524d29d65f8aa4bd2e4277e4,terminal_tracked_tab.keyboard_cycle_next.browser_tracked_tab,iterm2,single,1,165.0,165,165,165
2026-05-01T21:54:58Z-29a56c1ddb50-dirty-26f2eceae6e3-yogesh-mac-2024,2026-05-01T21:54:58Z,yogesh-mac-2024,"Mac16,7",alerts-command-palette,29a56c1ddb509938149057585e6e7a4e620da6b6,dirty,26f2eceae6e3c24a05fabf10c761d245c398f146524d29d65f8aa4bd2e4277e4,terminal_untracked_tab.cli_window_focus.process_tracked_tab,ghostty,single,1,140.0,140,140,140
2026-05-01T21:54:58Z-29a56c1ddb50-dirty-26f2eceae6e3-yogesh-mac-2024,2026-05-01T21:54:58Z,yogesh-mac-2024,"Mac16,7",alerts-command-palette,29a56c1ddb509938149057585e6e7a4e620da6b6,dirty,26f2eceae6e3c24a05fabf10c761d245c398f146524d29d65f8aa4bd2e4277e4,terminal_untracked_tab.cli_window_focus.process_tracked_tab,iterm2,single,1,241.0,241,241,241
2026-05-01T22:47:50Z-29a56c1ddb50-dirty-c4f5ef5fa437-yogesh-mac-2024,2026-05-01T22:47:50Z,yogesh-mac-2024,"Mac16,7",alerts-command-palette,29a56c1ddb509938149057585e6e7a4e620da6b6,dirty,c4f5ef5fa4371c0c35700ed46a44c84ccfa4cfe845749b957dc20d6e7199d647,browser_tracked_tab.keyboard_cycle_previous.terminal_tracked_tab,ghostty,primary,1,129.0,129,129,129
2026-05-01T22:47:50Z-29a56c1ddb50-dirty-c4f5ef5fa437-yogesh-mac-2024,2026-05-01T22:47:50Z,yogesh-mac-2024,"Mac16,7",alerts-command-palette,29a56c1ddb509938149057585e6e7a4e620da6b6,dirty,c4f5ef5fa4371c0c35700ed46a44c84ccfa4cfe845749b957dc20d6e7199d647,browser_tracked_tab.keyboard_cycle_previous.terminal_tracked_tab,ghostty,secondary,1,129.0,129,129,129
2026-05-01T22:47:50Z-29a56c1ddb50-dirty-c4f5ef5fa437-yogesh-mac-2024,2026-05-01T22:47:50Z,yogesh-mac-2024,"Mac16,7",alerts-command-palette,29a56c1ddb509938149057585e6e7a4e620da6b6,dirty,c4f5ef5fa4371c0c35700ed46a44c84ccfa4cfe845749b957dc20d6e7199d647,browser_tracked_tab.keyboard_cycle_previous.terminal_tracked_tab,ghostty,single,1,142.0,142,142,142
2026-05-01T22:47:50Z-29a56c1ddb50-dirty-c4f5ef5fa437-yogesh-mac-2024,2026-05-01T22:47:50Z,yogesh-mac-2024,"Mac16,7",alerts-command-palette,29a56c1ddb509938149057585e6e7a4e620da6b6,dirty,c4f5ef5fa4371c0c35700ed46a44c84ccfa4cfe845749b957dc20d6e7199d647,browser_tracked_tab.keyboard_cycle_previous.terminal_tracked_tab,iterm2,primary,1,148.0,148,148,148
2026-05-01T22:47:50Z-29a56c1ddb50-dirty-c4f5ef5fa437-yogesh-mac-2024,2026-05-01T22:47:50Z,yogesh-mac-2024,"Mac16,7",alerts-command-palette,29a56c1ddb509938149057585e6e7a4e620da6b6,dirty,c4f5ef5fa4371c0c35700ed46a44c84ccfa4cfe845749b957dc20d6e7199d647,browser_tracked_tab.keyboard_cycle_previous.terminal_tracked_tab,iterm2,secondary,1,148.0,148,148,148
2026-05-01T22:47:50Z-29a56c1ddb50-dirty-c4f5ef5fa437-yogesh-mac-2024,2026-05-01T22:47:50Z,yogesh-mac-2024,"Mac16,7",alerts-command-palette,29a56c1ddb509938149057585e6e7a4e620da6b6,dirty,c4f5ef5fa4371c0c35700ed46a44c84ccfa4cfe845749b957dc20d6e7199d647,browser_tracked_tab.keyboard_cycle_previous.terminal_tracked_tab,iterm2,single,1,137.0,137,137,137
2026-05-01T22:47:50Z-29a56c1ddb50-dirty-c4f5ef5fa437-yogesh-mac-2024,2026-05-01T22:47:50Z,yogesh-mac-2024,"Mac16,7",alerts-command-palette,29a56c1ddb509938149057585e6e7a4e620da6b6,dirty,c4f5ef5fa4371c0c35700ed46a44c84ccfa4cfe845749b957dc20d6e7199d647,browser_untracked_tab.cli_window_focus.browser_tracked_tab,ghostty,single,1,242.0,242,242,242
2026-05-01T22:47:50Z-29a56c1ddb50-dirty-c4f5ef5fa437-yogesh-mac-2024,2026-05-01T22:47:50Z,yogesh-mac-2024,"Mac16,7",alerts-command-palette,29a56c1ddb509938149057585e6e7a4e620da6b6,dirty,c4f5ef5fa4371c0c35700ed46a44c84ccfa4cfe845749b957dc20d6e7199d647,browser_untracked_tab.cli_window_focus.browser_tracked_tab,iterm2,single,1,227.0,227,227,227
2026-05-01T22:47:50Z-29a56c1ddb50-dirty-c4f5ef5fa437-yogesh-mac-2024,2026-05-01T22:47:50Z,yogesh-mac-2024,"Mac16,7",alerts-command-palette,29a56c1ddb509938149057585e6e7a4e620da6b6,dirty,c4f5ef5fa4371c0c35700ed46a44c84ccfa4cfe845749b957dc20d6e7199d647,external_app.keyboard_toggle_main_window.main_window,ghostty,single,5,132.8,130,135,"131,130,135,133,135"
2026-05-01T22:47:50Z-29a56c1ddb50-dirty-c4f5ef5fa437-yogesh-mac-2024,2026-05-01T22:47:50Z,yogesh-mac-2024,"Mac16,7",alerts-command-palette,29a56c1ddb509938149057585e6e7a4e620da6b6,dirty,c4f5ef5fa4371c0c35700ed46a44c84ccfa4cfe845749b957dc20d6e7199d647,external_app.keyboard_toggle_main_window.main_window,iterm2,single,5,127.6,119,134,"119,134,130,126,129"
2026-05-01T22:47:50Z-29a56c1ddb50-dirty-c4f5ef5fa437-yogesh-mac-2024,2026-05-01T22:47:50Z,yogesh-mac-2024,"Mac16,7",alerts-command-palette,29a56c1ddb509938149057585e6e7a4e620da6b6,dirty,c4f5ef5fa4371c0c35700ed46a44c84ccfa4cfe845749b957dc20d6e7199d647,main_window.keyboard_toggle_main_window.external_app,ghostty,single,5,0.4,0,2,"0,0,0,2,0"
2026-05-01T22:47:50Z-29a56c1ddb50-dirty-c4f5ef5fa437-yogesh-mac-2024,2026-05-01T22:47:50Z,yogesh-mac-2024,"Mac16,7",alerts-command-palette,29a56c1ddb509938149057585e6e7a4e620da6b6,dirty,c4f5ef5fa4371c0c35700ed46a44c84ccfa4cfe845749b957dc20d6e7199d647,main_window.keyboard_toggle_main_window.external_app,iterm2,single,5,0.0,0,0,"0,0,0,0,0"
2026-05-01T22:47:50Z-29a56c1ddb50-dirty-c4f5ef5fa437-yogesh-mac-2024,2026-05-01T22:47:50Z,yogesh-mac-2024,"Mac16,7",alerts-command-palette,29a56c1ddb509938149057585e6e7a4e620da6b6,dirty,c4f5ef5fa4371c0c35700ed46a44c84ccfa4cfe845749b957dc20d6e7199d647,spaces_detail_ui.keyboard_window_shortcut.browser_tracked_tab,ghostty,single,1,134.0,134,134,134
2026-05-01T22:47:50Z-29a56c1ddb50-dirty-c4f5ef5fa437-yogesh-mac-2024,2026-05-01T22:47:50Z,yogesh-mac-2024,"Mac16,7",alerts-command-palette,29a56c1ddb509938149057585e6e7a4e620da6b6,dirty,c4f5ef5fa4371c0c35700ed46a44c84ccfa4cfe845749b957dc20d6e7199d647,spaces_detail_ui.keyboard_window_shortcut.browser_tracked_tab,iterm2,single,1,127.0,127,127,127
2026-05-01T22:47:50Z-29a56c1ddb50-dirty-c4f5ef5fa437-yogesh-mac-2024,2026-05-01T22:47:50Z,yogesh-mac-2024,"Mac16,7",alerts-command-palette,29a56c1ddb509938149057585e6e7a4e620da6b6,dirty,c4f5ef5fa4371c0c35700ed46a44c84ccfa4cfe845749b957dc20d6e7199d647,spaces_detail_ui.keyboard_window_shortcut.process_tracked_tab,ghostty,single,1,151.0,151,151,151
2026-05-01T22:47:50Z-29a56c1ddb50-dirty-c4f5ef5fa437-yogesh-mac-2024,2026-05-01T22:47:50Z,yogesh-mac-2024,"Mac16,7",alerts-command-palette,29a56c1ddb509938149057585e6e7a4e620da6b6,dirty,c4f5ef5fa4371c0c35700ed46a44c84ccfa4cfe845749b957dc20d6e7199d647,spaces_detail_ui.keyboard_window_shortcut.process_tracked_tab,iterm2,single,1,164.0,164,164,164
2026-05-01T22:47:50Z-29a56c1ddb50-dirty-c4f5ef5fa437-yogesh-mac-2024,2026-05-01T22:47:50Z,yogesh-mac-2024,"Mac16,7",alerts-command-palette,29a56c1ddb509938149057585e6e7a4e620da6b6,dirty,c4f5ef5fa4371c0c35700ed46a44c84ccfa4cfe845749b957dc20d6e7199d647,terminal_tracked_tab.keyboard_cycle_next.browser_tracked_tab,ghostty,primary,1,158.0,158,158,158
2026-05-01T22:47:50Z-29a56c1ddb50-dirty-c4f5ef5fa437-yogesh-mac-2024,2026-05-01T22:47:50Z,yogesh-mac-2024,"Mac16,7",alerts-command-palette,29a56c1ddb509938149057585e6e7a4e620da6b6,dirty,c4f5ef5fa4371c0c35700ed46a44c84ccfa4cfe845749b957dc20d6e7199d647,terminal_tracked_tab.keyboard_cycle_next.browser_tracked_tab,ghostty,secondary,1,158.0,158,158,158
2026-05-01T22:47:50Z-29a56c1ddb50-dirty-c4f5ef5fa437-yogesh-mac-2024,2026-05-01T22:47:50Z,yogesh-mac-2024,"Mac16,7",alerts-command-palette,29a56c1ddb509938149057585e6e7a4e620da6b6,dirty,c4f5ef5fa4371c0c35700ed46a44c84ccfa4cfe845749b957dc20d6e7199d647,terminal_tracked_tab.keyboard_cycle_next.browser_tracked_tab,ghostty,single,1,155.0,155,155,155
2026-05-01T22:47:50Z-29a56c1ddb50-dirty-c4f5ef5fa437-yogesh-mac-2024,2026-05-01T22:47:50Z,yogesh-mac-2024,"Mac16,7",alerts-command-palette,29a56c1ddb509938149057585e6e7a4e620da6b6,dirty,c4f5ef5fa4371c0c35700ed46a44c84ccfa4cfe845749b957dc20d6e7199d647,terminal_tracked_tab.keyboard_cycle_next.browser_tracked_tab,iterm2,primary,1,191.0,191,191,191
2026-05-01T22:47:50Z-29a56c1ddb50-dirty-c4f5ef5fa437-yogesh-mac-2024,2026-05-01T22:47:50Z,yogesh-mac-2024,"Mac16,7",alerts-command-palette,29a56c1ddb509938149057585e6e7a4e620da6b6,dirty,c4f5ef5fa4371c0c35700ed46a44c84ccfa4cfe845749b957dc20d6e7199d647,terminal_tracked_tab.keyboard_cycle_next.browser_tracked_tab,iterm2,secondary,1,191.0,191,191,191
2026-05-01T22:47:50Z-29a56c1ddb50-dirty-c4f5ef5fa437-yogesh-mac-2024,2026-05-01T22:47:50Z,yogesh-mac-2024,"Mac16,7",alerts-command-palette,29a56c1ddb509938149057585e6e7a4e620da6b6,dirty,c4f5ef5fa4371c0c35700ed46a44c84ccfa4cfe845749b957dc20d6e7199d647,terminal_tracked_tab.keyboard_cycle_next.browser_tracked_tab,iterm2,single,1,155.0,155,155,155
2026-05-01T22:47:50Z-29a56c1ddb50-dirty-c4f5ef5fa437-yogesh-mac-2024,2026-05-01T22:47:50Z,yogesh-mac-2024,"Mac16,7",alerts-command-palette,29a56c1ddb509938149057585e6e7a4e620da6b6,dirty,c4f5ef5fa4371c0c35700ed46a44c84ccfa4cfe845749b957dc20d6e7199d647,terminal_untracked_tab.cli_window_focus.process_tracked_tab,ghostty,single,1,145.0,145,145,145
2026-05-01T22:47:50Z-29a56c1ddb50-dirty-c4f5ef5fa437-yogesh-mac-2024,2026-05-01T22:47:50Z,yogesh-mac-2024,"Mac16,7",alerts-command-palette,29a56c1ddb509938149057585e6e7a4e620da6b6,dirty,c4f5ef5fa4371c0c35700ed46a44c84ccfa4cfe845749b957dc20d6e7199d647,terminal_untracked_tab.cli_window_focus.process_tracked_tab,iterm2,single,1,246.0,246,246,246
2026-05-02T18:28:16Z-951178b1a094-dirty-0d8ee7123a92-yogesh-mac-2024,2026-05-02T18:28:16Z,yogesh-mac-2024,"Mac16,7",main,951178b1a094b634a8a423340db039b38c388a5d,dirty,0d8ee7123a92974bca85143ac26f613484b49353949c907c03a3b16b75ae333b,browser_tracked_tab.keyboard_cycle_previous.terminal_tracked_tab,ghostty,primary,1,140.0,140,140,140
2026-05-02T18:28:16Z-951178b1a094-dirty-0d8ee7123a92-yogesh-mac-2024,2026-05-02T18:28:16Z,yogesh-mac-2024,"Mac16,7",main,951178b1a094b634a8a423340db039b38c388a5d,dirty,0d8ee7123a92974bca85143ac26f613484b49353949c907c03a3b16b75ae333b,browser_tracked_tab.keyboard_cycle_previous.terminal_tracked_tab,ghostty,secondary,1,140.0,140,140,140
2026-05-02T18:28:16Z-951178b1a094-dirty-0d8ee7123a92-yogesh-mac-2024,2026-05-02T18:28:16Z,yogesh-mac-2024,"Mac16,7",main,951178b1a094b634a8a423340db039b38c388a5d,dirty,0d8ee7123a92974bca85143ac26f613484b49353949c907c03a3b16b75ae333b,browser_tracked_tab.keyboard_cycle_previous.terminal_tracked_tab,ghostty,single,1,139.0,139,139,139
2026-05-02T18:28:16Z-951178b1a094-dirty-0d8ee7123a92-yogesh-mac-2024,2026-05-02T18:28:16Z,yogesh-mac-2024,"Mac16,7",main,951178b1a094b634a8a423340db039b38c388a5d,dirty,0d8ee7123a92974bca85143ac26f613484b49353949c907c03a3b16b75ae333b,browser_tracked_tab.keyboard_cycle_previous.terminal_tracked_tab,iterm2,primary,1,135.0,135,135,135
2026-05-02T18:28:16Z-951178b1a094-dirty-0d8ee7123a92-yogesh-mac-2024,2026-05-02T18:28:16Z,yogesh-mac-2024,"Mac16,7",main,951178b1a094b634a8a423340db039b38c388a5d,dirty,0d8ee7123a92974bca85143ac26f613484b49353949c907c03a3b16b75ae333b,browser_tracked_tab.keyboard_cycle_previous.terminal_tracked_tab,iterm2,secondary,1,135.0,135,135,135
2026-05-02T18:28:16Z-951178b1a094-dirty-0d8ee7123a92-yogesh-mac-2024,2026-05-02T18:28:16Z,yogesh-mac-2024,"Mac16,7",main,951178b1a094b634a8a423340db039b38c388a5d,dirty,0d8ee7123a92974bca85143ac26f613484b49353949c907c03a3b16b75ae333b,browser_tracked_tab.keyboard_cycle_previous.terminal_tracked_tab,iterm2,single,1,142.0,142,142,142
2026-05-02T18:28:16Z-951178b1a094-dirty-0d8ee7123a92-yogesh-mac-2024,2026-05-02T18:28:16Z,yogesh-mac-2024,"Mac16,7",main,951178b1a094b634a8a423340db039b38c388a5d,dirty,0d8ee7123a92974bca85143ac26f613484b49353949c907c03a3b16b75ae333b,browser_untracked_tab.cli_window_focus.browser_tracked_tab,ghostty,single,1,237.0,237,237,237
2026-05-02T18:28:16Z-951178b1a094-dirty-0d8ee7123a92-yogesh-mac-2024,2026-05-02T18:28:16Z,yogesh-mac-2024,"Mac16,7",main,951178b1a094b634a8a423340db039b38c388a5d,dirty,0d8ee7123a92974bca85143ac26f613484b49353949c907c03a3b16b75ae333b,browser_untracked_tab.cli_window_focus.browser_tracked_tab,iterm2,single,1,268.0,268,268,268
2026-05-02T18:28:16Z-951178b1a094-dirty-0d8ee7123a92-yogesh-mac-2024,2026-05-02T18:28:16Z,yogesh-mac-2024,"Mac16,7",main,951178b1a094b634a8a423340db039b38c388a5d,dirty,0d8ee7123a92974bca85143ac26f613484b49353949c907c03a3b16b75ae333b,external_app.keyboard_toggle_main_window.main_window,ghostty,single,5,128.0,117,140,"117,140,134,131,118"
2026-05-02T18:28:16Z-951178b1a094-dirty-0d8ee7123a92-yogesh-mac-2024,2026-05-02T18:28:16Z,yogesh-mac-2024,"Mac16,7",main,951178b1a094b634a8a423340db039b38c388a5d,dirty,0d8ee7123a92974bca85143ac26f613484b49353949c907c03a3b16b75ae333b,external_app.keyboard_toggle_main_window.main_window,iterm2,single,5,121.8,115,130,"123,130,115,115,126"
2026-05-02T18:28:16Z-951178b1a094-dirty-0d8ee7123a92-yogesh-mac-2024,2026-05-02T18:28:16Z,yogesh-mac-2024,"Mac16,7",main,951178b1a094b634a8a423340db039b38c388a5d,dirty,0d8ee7123a92974bca85143ac26f613484b49353949c907c03a3b16b75ae333b,external_app.keyboard_toggle_palette.palette,ghostty,single,5,21.8,21,22,"22,22,22,21,22"
2026-05-02T18:28:16Z-951178b1a094-dirty-0d8ee7123a92-yogesh-mac-2024,2026-05-02T18:28:16Z,yogesh-mac-2024,"Mac16,7",main,951178b1a094b634a8a423340db039b38c388a5d,dirty,0d8ee7123a92974bca85143ac26f613484b49353949c907c03a3b16b75ae333b,external_app.keyboard_toggle_palette.palette,iterm2,single,5,20.2,18,23,"23,19,21,18,20"
2026-05-02T18:28:16Z-951178b1a094-dirty-0d8ee7123a92-yogesh-mac-2024,2026-05-02T18:28:16Z,yogesh-mac-2024,"Mac16,7",main,951178b1a094b634a8a423340db039b38c388a5d,dirty,0d8ee7123a92974bca85143ac26f613484b49353949c907c03a3b16b75ae333b,main_window.keyboard_toggle_main_window.external_app,ghostty,single,5,0.0,0,0,"0,0,0,0,0"
2026-05-02T18:28:16Z-951178b1a094-dirty-0d8ee7123a92-yogesh-mac-2024,2026-05-02T18:28:16Z,yogesh-mac-2024,"Mac16,7",main,951178b1a094b634a8a423340db039b38c388a5d,dirty,0d8ee7123a92974bca85143ac26f613484b49353949c907c03a3b16b75ae333b,main_window.keyboard_toggle_main_window.external_app,iterm2,single,5,0.8,0,4,"0,4,0,0,0"
2026-05-02T18:28:16Z-951178b1a094-dirty-0d8ee7123a92-yogesh-mac-2024,2026-05-02T18:28:16Z,yogesh-mac-2024,"Mac16,7",main,951178b1a094b634a8a423340db039b38c388a5d,dirty,0d8ee7123a92974bca85143ac26f613484b49353949c907c03a3b16b75ae333b,main_window.keyboard_toggle_palette.palette,ghostty,single,5,8.0,5,17,"17,6,6,6,5"
2026-05-02T18:28:16Z-951178b1a094-dirty-0d8ee7123a92-yogesh-mac-2024,2026-05-02T18:28:16Z,yogesh-mac-2024,"Mac16,7",main,951178b1a094b634a8a423340db039b38c388a5d,dirty,0d8ee7123a92974bca85143ac26f613484b49353949c907c03a3b16b75ae333b,main_window.keyboard_toggle_palette.palette,iterm2,single,5,5.2,5,6,"5,5,5,6,5"
2026-05-02T18:28:16Z-951178b1a094-dirty-0d8ee7123a92-yogesh-mac-2024,2026-05-02T18:28:16Z,yogesh-mac-2024,"Mac16,7",main,951178b1a094b634a8a423340db039b38c388a5d,dirty,0d8ee7123a92974bca85143ac26f613484b49353949c907c03a3b16b75ae333b,palette.keyboard_toggle_palette.external_app,ghostty,single,5,2.6,2,3,"3,2,3,3,2"
2026-05-02T18:28:16Z-951178b1a094-dirty-0d8ee7123a92-yogesh-mac-2024,2026-05-02T18:28:16Z,yogesh-mac-2024,"Mac16,7",main,951178b1a094b634a8a423340db039b38c388a5d,dirty,0d8ee7123a92974bca85143ac26f613484b49353949c907c03a3b16b75ae333b,palette.keyboard_toggle_palette.external_app,iterm2,single,5,3.8,2,5,"5,4,2,4,4"
2026-05-02T18:28:16Z-951178b1a094-dirty-0d8ee7123a92-yogesh-mac-2024,2026-05-02T18:28:16Z,yogesh-mac-2024,"Mac16,7",main,951178b1a094b634a8a423340db039b38c388a5d,dirty,0d8ee7123a92974bca85143ac26f613484b49353949c907c03a3b16b75ae333b,palette.keyboard_toggle_palette.main_window,ghostty,single,5,5.0,4,7,"5,4,7,5,4"
2026-05-02T18:28:16Z-951178b1a094-dirty-0d8ee7123a92-yogesh-mac-2024,2026-05-02T18:28:16Z,yogesh-mac-2024,"Mac16,7",main,951178b1a094b634a8a423340db039b38c388a5d,dirty,0d8ee7123a92974bca85143ac26f613484b49353949c907c03a3b16b75ae333b,palette.keyboard_toggle_palette.main_window,iterm2,single,5,5.6,4,7,"4,5,7,5,7"
2026-05-02T18:28:16Z-951178b1a094-dirty-0d8ee7123a92-yogesh-mac-2024,2026-05-02T18:28:16Z,yogesh-mac-2024,"Mac16,7",main,951178b1a094b634a8a423340db039b38c388a5d,dirty,0d8ee7123a92974bca85143ac26f613484b49353949c907c03a3b16b75ae333b,spaces_detail_ui.keyboard_window_shortcut.browser_tracked_tab,ghostty,single,1,131.0,131,131,131
2026-05-02T18:28:16Z-951178b1a094-dirty-0d8ee7123a92-yogesh-mac-2024,2026-05-02T18:28:16Z,yogesh-mac-2024,"Mac16,7",main,951178b1a094b634a8a423340db039b38c388a5d,dirty,0d8ee7123a92974bca85143ac26f613484b49353949c907c03a3b16b75ae333b,spaces_detail_ui.keyboard_window_shortcut.browser_tracked_tab,iterm2,single,1,133.0,133,133,133
2026-05-02T18:28:16Z-951178b1a094-dirty-0d8ee7123a92-yogesh-mac-2024,2026-05-02T18:28:16Z,yogesh-mac-2024,"Mac16,7",main,951178b1a094b634a8a423340db039b38c388a5d,dirty,0d8ee7123a92974bca85143ac26f613484b49353949c907c03a3b16b75ae333b,spaces_detail_ui.keyboard_window_shortcut.process_tracked_tab,ghostty,single,1,141.0,141,141,141
2026-05-02T18:28:16Z-951178b1a094-dirty-0d8ee7123a92-yogesh-mac-2024,2026-05-02T18:28:16Z,yogesh-mac-2024,"Mac16,7",main,951178b1a094b634a8a423340db039b38c388a5d,dirty,0d8ee7123a92974bca85143ac26f613484b49353949c907c03a3b16b75ae333b,spaces_detail_ui.keyboard_window_shortcut.process_tracked_tab,iterm2,single,1,159.0,159,159,159
2026-05-02T18:28:16Z-951178b1a094-dirty-0d8ee7123a92-yogesh-mac-2024,2026-05-02T18:28:16Z,yogesh-mac-2024,"Mac16,7",main,951178b1a094b634a8a423340db039b38c388a5d,dirty,0d8ee7123a92974bca85143ac26f613484b49353949c907c03a3b16b75ae333b,terminal_tracked_tab.keyboard_cycle_next.browser_tracked_tab,ghostty,primary,1,132.0,132,132,132
2026-05-02T18:28:16Z-951178b1a094-dirty-0d8ee7123a92-yogesh-mac-2024,2026-05-02T18:28:16Z,yogesh-mac-2024,"Mac16,7",main,951178b1a094b634a8a423340db039b38c388a5d,dirty,0d8ee7123a92974bca85143ac26f613484b49353949c907c03a3b16b75ae333b,terminal_tracked_tab.keyboard_cycle_next.browser_tracked_tab,ghostty,secondary,1,132.0,132,132,132
2026-05-02T18:28:16Z-951178b1a094-dirty-0d8ee7123a92-yogesh-mac-2024,2026-05-02T18:28:16Z,yogesh-mac-2024,"Mac16,7",main,951178b1a094b634a8a423340db039b38c388a5d,dirty,0d8ee7123a92974bca85143ac26f613484b49353949c907c03a3b16b75ae333b,terminal_tracked_tab.keyboard_cycle_next.browser_tracked_tab,ghostty,single,1,138.0,138,138,138
2026-05-02T18:28:16Z-951178b1a094-dirty-0d8ee7123a92-yogesh-mac-2024,2026-05-02T18:28:16Z,yogesh-mac-2024,"Mac16,7",main,951178b1a094b634a8a423340db039b38c388a5d,dirty,0d8ee7123a92974bca85143ac26f613484b49353949c907c03a3b16b75ae333b,terminal_tracked_tab.keyboard_cycle_next.browser_tracked_tab,iterm2,primary,1,168.0,168,168,168
2026-05-02T18:28:16Z-951178b1a094-dirty-0d8ee7123a92-yogesh-mac-2024,2026-05-02T18:28:16Z,yogesh-mac-2024,"Mac16,7",main,951178b1a094b634a8a423340db039b38c388a5d,dirty,0d8ee7123a92974bca85143ac26f613484b49353949c907c03a3b16b75ae333b,terminal_tracked_tab.keyboard_cycle_next.browser_tracked_tab,iterm2,secondary,1,168.0,168,168,168
2026-05-02T18:28:16Z-951178b1a094-dirty-0d8ee7123a92-yogesh-mac-2024,2026-05-02T18:28:16Z,yogesh-mac-2024,"Mac16,7",main,951178b1a094b634a8a423340db039b38c388a5d,dirty,0d8ee7123a92974bca85143ac26f613484b49353949c907c03a3b16b75ae333b,terminal_tracked_tab.keyboard_cycle_next.browser_tracked_tab,iterm2,single,1,164.0,164,164,164
2026-05-02T18:28:16Z-951178b1a094-dirty-0d8ee7123a92-yogesh-mac-2024,2026-05-02T18:28:16Z,yogesh-mac-2024,"Mac16,7",main,951178b1a094b634a8a423340db039b38c388a5d,dirty,0d8ee7123a92974bca85143ac26f613484b49353949c907c03a3b16b75ae333b,terminal_untracked_tab.cli_window_focus.process_tracked_tab,ghostty,single,1,141.0,141,141,141
2026-05-02T18:28:16Z-951178b1a094-dirty-0d8ee7123a92-yogesh-mac-2024,2026-05-02T18:28:16Z,yogesh-mac-2024,"Mac16,7",main,951178b1a094b634a8a423340db039b38c388a5d,dirty,0d8ee7123a92974bca85143ac26f613484b49353949c907c03a3b16b75ae333b,terminal_untracked_tab.cli_window_focus.process_tracked_tab,iterm2,single,1,248.0,248,248,248
